Longitude,Latitude,Temperature,Humidity,Pressure,Precipitation,CloudCover,Threat
88,34,11.31,52.57,996.95,0.52,98.67,0.379471
53,26,35.31,70.27,997.98,,48.87,0.338409
51,37,29.71,77.1,1001.86,,3.33,0.327806
-9,40,18.01,88.73,1019.02,0,15.8,0.899652
106,33,22.35,86.83,1003.65,0.07,0.63,0.912022
29,46,23.65,59.17,1010.11,0.01,47.53,0.491406
47,46,39.81,14.87,1001.94,,26.8,0.108483
117,28,25.45,77.03,1003.98,,2.57,0.402763
-25,46,18.05,79.47,1011.15,0.26,45.03,0.663057
-40,40,21.65,71.87,1024.55,,0,0.233828
119,36,23.01,92.13,1011.88,,90.17,0.764919
64,35,29.41,13.9,1001.69,,13.13,0.081935
41,49,36.08,28.3,1000.98,0,72.03,0.20376
-42,49,14.75,91.97,1016.29,0,100,0.477575
53,32,35.11,9.03,1002.4,,2.47,0.010602
2,31,40.21,8.5,1013.28,,,0.089231
-35,31,24.21,68.5,1025.35,,,0.753796
34,29,30.41,23.3,1009.14,0,0,0.251259
73,43,24.85,44.33,1002.06,0.06,100,0.477129
70,26,41.75,23.13,990.3,,0.5,0.193047
-22,45,18.15,79.07,1012.91,0.03,100,0.467466
111,36,18.55,96.4,1008.89,0.12,83.07,0.837773
97,27,19.25,98.13,1004.06,0.66,99.8,0.854268
30,39,29.71,25.2,1007.82,,1.97,0.214915
123,49,22.08,95.73,1011.57,,16.17,0.892034
22,40,29.98,30.23,1011.97,,11.23,0.234488
113,30,27.08,87.9,1003.04,0.03,16.77,0.556501
18,38,26.81,69.43,1014.36,0,0,0.778232
53,34,37.95,9.33,1001.92,,0,0.039913
-22,34,23.28,72.03,1022.87,0,37.13,0.803388
-62,39,25.01,89.97,1014.7,2.05,100,0.758809
12,37,25.15,81.23,1016.94,0,18.33,0.656278
14,46,24.11,47.5,1018.88,,0,0.599603
-21,38,22.15,79.57,1019.22,0,41.13,0.648127
119,43,26.61,53.13,1009.8,,85.47,0.463596
-2,42,31.55,27.83,1016.19,0,0.63,0.290446
87,34,14.28,40.67,993.43,0.01,100,0.280555
124,41,22.01,93.47,1014.47,,96,0.720022
-58,36,26.21,83.7,1022.44,0.06,94.9,0.772313
94,48,28.98,16.1,1001.2,,0,0.10503
-36,46,16.68,77.07,1020.88,0,68.97,0.731493
7,48,23.28,51.4,1020.01,0.01,41.23,0.675736
-41,36,22.88,60.53,1026.02,,,0.683674
-17,34,21.35,77.5,1022.45,,,0.937805
70,31,25.01,55.53,999.03,0.49,41.1,0.382034
10,49,22.58,52.03,1021.2,,1.2,0.690983
103,30,21.88,93.3,1003.87,0.98,3.17,0.889075
107,32,23.18,87.57,1003.35,0.09,46.43,0.75174
0,43,25.31,49.97,1019.24,0.1,6.73,0.653924
-49,39,25.11,85.07,1023.52,0.72,0,0.806524
20,41,33.55,25,1011.67,,3.2,0.09417
60,48,34.41,18.53,1004.68,,67.43,0.111386
78,34,9.15,56.37,1001.16,0.08,96.7,0.673901
6,38,26.65,68.37,1018.39,,,0.778874
81,30,6.31,99.07,1008.57,0.25,99.13,0.342264
20,41,33.55,25,1011.67,,3.2,0.09417
-54,30,26.88,73.87,1025.39,0.06,3.83,0.661922
26,39,28.28,64.03,1008.62,,14.3,0.563131
73,28,38.41,35.73,992.23,,55.57,0.459912
-31,49,15.21,93.53,1016.94,,35.07,0.702023
-50,39,25.25,85.8,1023.09,0,0,0.71785
99,27,13.15,93.6,1007.39,0.57,100,0.338598
-48,29,26.35,68.3,1026.2,,2.27,0.649273
-63,34,26.65,81.2,1021.51,0.09,87.9,0.854871
62,40,39.25,11.27,999.68,,1.6,0.00913
45,47,42.01,10.77,1000.31,0.01,31.5,0.093322
107,45,30.35,29.17,1000.68,0,33.33,0.226944
106,47,14.85,91,1008.46,0.48,96.23,0.37856
-16,31,20.71,82.47,1020.69,,,0.760449
8,26,39.28,10.9,1008.78,,98,0.011033
-24,32,22.98,70.17,1023.96,0,4.27,0.563693
101,45,18.98,67.73,1006.28,,40.13,0.731027
-31,40,19.81,70.97,1021.37,0.03,68.33,0.713513
111,44,31.15,28.2,1003.23,,100,0.194005
104,36,24.35,46.8,1000.63,,2.87,0.259879
88,30,5.55,81.97,1006.53,0.05,100,0.53467
-49,28,26.71,66.47,1025.78,0,0.03,0.510614
5,48,22.55,64.67,1021.2,,6.4,0.591107
-37,38,21.51,73.07,1024.64,0.04,63.53,0.763865
-40,45,18.65,80.53,1021.48,,36.67,0.781592
-55,28,26.75,72.1,1024.86,0.02,6.67,0.634856
25,43,25.61,34.63,1013.83,,16.26,0.421167
9,27,40.98,9.83,1010.02,,0,0.091142
73,31,35.38,46.4,992.82,0,3.73,0.120963
88,42,28.78,17.33,999.92,,100,0.195587
42,37,40.11,11.87,998.96,,,0.015026
46,35,41.31,7.8,1000.08,,,0.005735
-33,47,16.11,85.73,1019.06,0.01,56.03,0.727216
76,36,-1.02,99.67,1011.62,0.16,99.13,0.032473
-38,35,22.81,66.77,1025.43,0,,0.820043
95,26,19.68,96.53,1002.92,0.61,35.63,0.833636
78,29,30.71,69.33,994.9,0.29,5,0.215175
-38,49,15.51,87.3,1019.08,0,99.37,0.799536
96,40,25.58,32.47,999.37,0,77.07,0.282654
19,26,36.41,20.6,1011.61,,0.8,0.264631
84,37,20.75,31.43,1001.48,0,94,0.304315
115,44,25.35,48.73,1007.81,,0.2,0.44361
41,29,42.55,8.97,1001.82,,0,0.03977
116,44,24.25,59.07,1008.49,0,2.6,0.330185
84,46,28.01,17.67,1000.97,,91.63,0.202408
7,26,40.08,9.47,1008.24,,27.8,0.0186
94,36,9.88,67.63,1004.82,0.02,62.6,0.278309
-16,35,20.91,76.17,1022.22,,,0.806056
26,46,18.95,75.8,1013.61,1.66,42.7,0.515112
-25,37,21.38,81.37,1020.82,0.02,8.83,0.887684
-30,44,18.38,77.67,1017.34,0.04,9.57,0.810601
-42,32,25.68,75.4,1025.39,0,0.43,0.466594
8,37,26.28,68.77,1017.64,0,0,0.319552
87,26,31.68,69.43,995.74,0.26,100,0.409728
-56,38,25.98,84.03,1021.27,0.15,100,0.660107
-43,40,22.75,82.07,1024.2,,,0.71413
98,35,13.81,57.23,1001.22,0.02,50.73,0.536462
95,41,24.35,30.57,1000.59,,100,0.30855
16,36,26.15,65.4,1016.04,0,3.35,0.431811
26,42,32.48,20.77,1010.47,,25.73,0.119977
85,38,29.88,19.1,996.82,,21.7,0.163158
-26,39,20.68,74.73,1019.66,0.05,2.67,0.354011
-4,36,23.65,74.77,1016.62,0,72.4,0.330194
96,41,26.75,21.9,999.61,,90.37,0.19525
-21,30,21.81,78.4,1022.89,,6.07,0.791233
-66,46,18.18,77.07,1012.23,0.06,100,0.505285
-34,47,16.05,85.87,1019.79,0.01,66.43,0.80227
91,37,12.31,48.97,1001.6,,71.87,0.403956
51,42,28.75,67.83,1003.66,,33.33,0.319029
64,36,36.08,11.53,999.15,,95.03,0.095344
86,37,6.01,72.77,1005.34,0,76.53,0.288033
82,29,13.38,99.27,1005.59,0.48,95.33,0.300871
-21,48,17.21,89.33,1011.92,,33.53,0.812115
-2,44,21.11,89.8,1018.65,,13.33,0.887728
21,43,21.78,40.43,1017.44,,11.6,0.387508
-1,27,45.28,8.23,1006.26,,,0
71,43,33.81,17.37,998.38,,73.23,0.109085
30,38,33.45,17.1,1005.9,,0,0.070794
71,31,36.81,43.13,992.83,0,12.83,0.242531
56,41,40.88,12.17,1000.26,,34.2,0.077672
70,37,28.45,16.83,999.88,,2.67,0.089438
106,42,33.65,25.67,998.81,,95.13,0.167097
9,40,33.38,22.13,1016.89,0,22,0.356375
103,41,30.61,28.63,998.67,,99.8,0.209333
48,35,34.18,11.63,1002.39,,72.47,0.102525
60,38,41.61,8.37,999.17,,14.53,0.03776
92,31,9.51,66.27,1000.72,0.1,100,0.721079
91,46,28.78,10.8,1000.55,,98.93,0.166707
-60,27,27.18,71,1023.92,0.01,49.07,0.658942
67,49,27.38,26.83,1005.3,,,0.202766
72,30,36.05,43.17,992.15,0.25,38.57,0.373128
95,41,24.35,30.57,1000.59,,100,0.30855
1,41,26.11,68.77,1017.75,,0,0.316511
-49,27,26.75,69.3,1025.31,0.05,3.87,0.679313
51,49,36.18,24.63,1002.97,0.15,23.57,0.19158
111,44,31.15,28.2,1003.23,,100,0.194005
-10,29,29.55,37.73,1011.95,,,0.288569
-11,45,18.88,76.97,1019.83,0,15.6,0.726209
9,46,26.88,45.5,1017.27,0,63.3,0.485443
85,33,16.18,31.77,991.23,0,66.03,0.254932
110,32,22.61,93.3,1004.66,0.65,93.87,0.72482
91,29,12.95,54.57,1000.05,0.47,99.13,0.656408
4,30,41.41,11.7,1011.7,,,0.11109
-30,44,18.38,77.67,1017.34,0.04,9.57,0.810601
-28,42,19.11,71.2,1017.48,0.02,19.57,0.667147
-22,37,22.35,77.7,1020.24,0,67.43,0.711831
102,34,11.85,77.1,1005.73,0.08,29.9,0.312964
-36,46,16.68,77.07,1020.88,0,68.97,0.731493
27,39,34.38,30.87,1007.43,,14.9,0.242581
-20,35,23.31,69.77,1022.33,0,1.13,0.509156
-51,47,13.71,99.87,1013.2,0.86,100,0.301538
40,37,39.21,15.3,998.51,,,0.013026
-47,34,25.65,75.43,1026.25,0,4.77,0.602762
102,42,30.31,30.83,998.25,,91.23,0.199875
45,26,43.55,13.9,997.62,0,48.6,0.110794
-53,28,26.78,70,1025.14,0.04,8.7,0.751901
-51,33,26.28,69.47,1026.27,,57.53,0.853261
55,48,36.71,19.03,1002.29,0.13,80.53,0.105141
39,42,27.85,75.37,1006.7,0,8.93,0.596124
66,40,36.35,14.6,998.31,,0.07,0.042798
-30,38,20.78,75.17,1021.95,0,34.8,0.655072
40,30,42.55,9.67,1002.3,,0,0.038474
-42,46,18.15,87.7,1020.06,0,100,0.803405
-34,39,20.21,72.37,1023.51,0.02,97.87,0.699736
117,42,16.45,91.1,1014.3,0,99.47,0.252372
116,39,22.78,89.47,1011.97,0.3,100,0.492271
-66,49,16.11,54.03,1013.57,0.02,95.6,0.65375
54,41,39.48,16.67,1001.04,,0.3,0.061339
26,36,26.48,78.47,1009.58,,,0.418478
113,45,28.31,34.17,1005.15,,52.43,0.218355
-6,26,45.98,6.53,1007.5,,17.13,0.015681
-56,43,21.58,92.93,1013.03,0.14,100,0.792115
52,38,30.21,64.83,1002.64,,0,0.099092
80,28,29.55,75,995.31,0.91,90.23,0.45756
-48,38,25.41,81.3,1024.5,0.01,5.47,0.823139
-48,38,25.41,81.3,1024.5,0.01,5.47,0.823139
-43,44,20.68,92.73,1021.33,0.01,89.73,0.847334
14,47,21.68,33.1,1018.61,0,1.53,0.47527
-47,29,26.15,69.2,1026.22,0,12.03,0.702529
65,42,35.35,13.67,999.88,,,0.021735
61,47,34.28,14.17,1004.71,,13.23,0.043566
97,26,23.25,97.97,1001.38,0.44,18.77,0.848043
116,45,27.11,48.4,1006.94,0.1,66.67,0.28098
-48,29,26.35,68.3,1026.2,,2.27,0.649273
68,26,39.58,28.17,991.11,,11.77,0.209773
-64,31,27.25,73.83,1023.11,0.03,2.87,0.629312
-10,42,18.41,88.67,1019.45,0,16.1,0.884838
102,30,8.91,92.07,1011.83,0.07,85.77,0.191248
83,46,24.38,21.57,1001.99,0,98.33,0.141868
41,49,36.08,28.3,1000.98,0,72.03,0.20376
-56,30,26.68,75.7,1025.19,0.01,5.07,0.648589
109,41,27.41,45.43,1003.98,,45.87,0.285677
4,37,25.38,76.37,1016.7,,,0.588217
87,44,34.15,13.7,997.05,,63.4,0.163793
15,40,26.68,69.1,1016.04,0,21.14,0.35751
-54,46,14.55,99.83,1011.91,0.11,100,0.416102
19,29,34.41,28.6,1012.66,,1.67,0.089591
49,34,32.68,12.9,1003.92,,57.27,0.120798
36,39,32.21,23.37,1003.7,,13.77,0.125772
-56,45,16.38,98.8,1012.06,0.01,100,0.6543
63,41,36.81,11.5,1000.34,,,0.010748
-55,41,24.88,84.33,1017.15,0.48,100,0.745221
-35,35,22.15,69.87,1024.55,,0,0.352298
-62,34,26.58,79.47,1022.17,0.06,100,0.774494
35,40,28.38,40.67,1006.86,0.06,33.2,0.43615
43,37,39.21,12.73,1000.04,,,0.005735
81,26,33.55,57.87,994.46,0.04,90.93,0.296055
124,27,28.15,86.43,998.06,0.38,100,0.281411
48,46,38.48,18.93,1002.86,,3.97,0.012466
54,40,38.51,15.47,1002.02,,0,0.041437
3,34,35.35,11.93,1015.86,,,0.128438
-19,34,22.45,74.77,1022.77,0,,0.693283
31,31,35.61,28.13,1008.13,0,0,0.13634
114,26,20.35,95.07,1006.54,0.04,98.53,0.861885
-5,48,19.98,81.43,1020.97,,99.93,0.523087
-43,30,25.95,70.53,1025.81,0.03,0,0.41889
90,38,17.31,27.33,999.76,,17.63,0.173763
47,43,34.11,29.43,1003.31,0.61,55.87,0.171915
58,41,40.45,11.27,1000.41,,2.83,0.003233
-21,42,20.11,88.07,1014.32,0.06,0,0.827134
109,34,21.01,88.5,1005.65,0.11,0.83,0.936141
14,26,38.78,12.3,1010.91,,0,0.126656
-42,43,21.18,87.03,1022.22,0,75.27,0.878382
29,29,38.25,18.23,1007.24,0,0,0.091629
68,47,31.41,23.03,1001.01,,,0.116372
-13,34,20.31,82.1,1020.09,,,0.70788
-54,31,26.91,74.27,1025.56,0.04,100,0.695007
73,29,37.65,39.13,992.27,0,65.27,0.404011
16,30,33.48,25.77,1014.1,,,0.033185
-60,31,27.31,70.97,1024.47,0.03,87.47,0.607053
29,38,37.08,16.13,1005.02,,4.5,0.03128
103,30,21.88,93.3,1003.87,0.98,3.17,0.889075
89,37,12.68,40.33,1000.59,0,77.2,0.423481
28,30,38.05,22.77,1007.89,0,1.67,0.116405
121,33,27.25,80.37,1009.71,,62.77,0.730945
74,37,2.51,78.47,1009.38,0.44,96.9,0.05155
-25,38,20.91,76.57,1020.12,0.02,23.67,0.71194
-23,43,19.35,79.2,1013.5,0.28,74.23,0.634087
91,30,9.98,76.23,1002.11,0.55,100,0.562039
-17,42,20.48,93.63,1016.34,0.13,68.33,0.558475
7,29,41.45,11.7,1010.96,,,0.068825
66,49,30.38,23.37,1004.7,,0,0.183902
100,37,16.05,71.8,1003.46,,100,0.519096
-12,38,19.48,80.23,1020.88,0,36.17,0.401293
-37,46,16.81,77.7,1021.01,,100,0.849732
12,35,26.15,67.37,1017.26,0,29.7,0.443594
76,26,31.95,62.23,995.22,0.18,99.9,0.407606
68,30,34.55,26.1,993.62,0.09,99.57,0.24399
89,26,31.58,68.5,996.35,0.26,100,0.422461
106,49,14.45,96.67,1008.91,,95.23,0.594205
-24,33,23.48,71.9,1023.55,0,47.27,0.847751
9,36,33.35,20.4,1016.54,0,2.77,0.320995
15,38,26.48,38.33,1017.75,0,4.8,0.513744
101,47,10.25,85.93,1010.1,0.15,3.13,0.69265
77,27,31.91,63.43,995.01,0,55.47,0.365015
41,49,36.08,28.3,1000.98,0,72.03,0.20376
20,39,25.58,80.47,1011.66,,,0.63143
44,48,36.91,21.8,1001.19,0.01,64.47,0.193848
69,42,33.65,16.73,998.94,,,0.016737
102,47,12.65,90.03,1009.27,,0.43,0.889733
17,29,34.75,23.8,1013.2,,,0.104787
-8,36,20.65,77.4,1016.88,0,,0.298735
32,43,25.51,75.8,1009.34,0.02,44.57,0.43459
-2,26,44.25,8.87,1006.43,,0.27,0.057935
64,46,33.65,18.13,1002.84,,47.47,0.072766
60,39,41.51,8.53,999.2,,49.63,0.115207
120,45,20.75,86.3,1011.81,0.12,7.5,0.925041
10,29,36.88,13.77,1013.59,,,0.113497
83,43,12.21,69.63,1007.2,0.42,100,0.525028
5,42,23.08,79.97,1017.82,,3,0.740351
119,47,21.51,79.9,1010.83,,,0.673076
-28,33,23.65,76.9,1024.1,0,3.47,0.56332
-22,29,22.05,77.17,1022.73,,4.53,0.630168
28,32,27.15,74.4,1010.66,0,0,0.890129
-15,46,18.78,94.4,1016.08,0.16,100,0.689969
61,48,34.35,16.5,1004.84,,32.9,0.038865
21,44,23.95,42.87,1018.07,,5.87,0.600497
79,41,14.58,63.4,1006.96,0.2,100,0.323408
76,39,22.11,43.93,1004.07,0,100,0.634495
52,32,32.58,10.1,1004.2,,0.3,0.063427
85,41,34.45,18.13,996,,99.7,0.150338
-60,45,17.71,95.5,1011.74,0,34.3,0.590517
116,38,23.15,94.67,1011.48,0.43,100,0.378446
98,36,21.01,41.17,996.48,0.03,69.6,0.40683
93,47,23.88,22.93,1003.69,,53.63,0.178705
114,36,21.48,98.33,1010.14,1.93,100,0.846996
13,48,22.65,59.4,1020.46,,,0.733232
102,48,13.85,87.97,1009.02,,2.9,0.917083
93,42,32.65,15.83,997.7,,100,0.137417
-57,48,18.98,82.2,1011.04,0.06,85.33,0.577018
103,30,21.88,93.3,1003.87,0.98,3.17,0.889075
-54,44,18.75,97.6,1013.63,0.43,96.87,0.928471
73,41,29.88,18.53,999.35,0,66.73,0.181211
32,33,27.48,70.87,1008.48,0,51.85,0.434872
96,42,22.75,21.6,1003.16,,100,0.152113
101,46,17.11,66.77,1006.77,,0,0.805686
22,32,33.95,27.53,1011.08,0,0.47,0.229991
103,35,12.11,78.3,1007.18,,3.33,0.492448
-31,32,23.91,69.53,1024.94,,,0.713787
94,41,29.21,23.17,998.08,,100,0.207617
111,44,31.15,28.2,1003.23,,100,0.194005
100,34,8.18,85.2,1007.61,0.01,25.3,0.82647
78,37,6.38,96.53,1010.17,0.46,100,0.167152
64,43,33.98,15.53,1001.63,,0,0.044079
8,33,38.31,17.97,1014.54,0,0,0.250303
-34,33,24.55,80.97,1024.07,0.03,11.33,0.886462
86,46,37.61,9.1,996.74,,85.8,0.132535
91,49,23.75,26.3,1002,,23.23,0.460447
28,41,29.08,52.33,1010.15,0,45.4,0.583517
-30,37,21.58,77.1,1022.32,0.01,3.07,0.551083
-14,39,20.61,77.57,1021.21,,3.27,0.806145
34,45,27.48,61.37,1006.36,0,8.37,0.289976
2,47,27.68,43.9,1019.94,0,0,0.60914
-14,36,20.01,79.37,1021.63,,,0.890433
-58,28,27.01,73,1024.46,0.1,39.87,0.809674
93,34,14.15,50.83,996.79,0.02,95.13,0.369497
-28,39,20.25,76.43,1020.55,0.06,51.97,0.756225
-52,42,22.68,91.53,1018.22,1,74.73,0.853639
-51,42,21.81,94.03,1019,0.48,36.73,0.62127
-17,34,21.35,77.5,1022.45,,,0.937805
55,31,34.01,9,1002.8,,,0.02445
-25,35,23.51,83.9,1022.01,0.1,2.73,0.908648
38,32,37.88,13.5,1004.2,0,0,0.057781
60,39,41.51,8.53,999.2,,49.63,0.115207
17,46,27.65,29.73,1018.86,,1.07,0.484034
52,47,39.35,15.6,1002.21,,9.33,0.024057
-7,35,22.21,74.63,1016.02,0,2.08,0.431041
74,45,32.41,21.83,997.51,,72.13,0.176392
115,44,25.35,48.73,1007.81,,0.2,0.44361
1,35,34.91,11.53,1016.06,0,0.59,0.252227
103,33,9.91,86.27,1008.12,0,28.17,0.636286
-14,30,20.48,87.83,1018.44,0,0.2,0.828951
90,27,21.95,95.37,1001.45,1.15,99.97,0.750916
-3,49,19.71,85.43,1022.14,,36.8,0.907436
39,48,34.78,31.4,1001.21,0,37.33,0.257598
91,31,5.85,91.5,1004.76,0.52,92.83,0.252813
-4,37,31.28,14.97,1016.83,0,,0.342025
85,27,30.98,72.27,995.48,0.15,92.37,0.390826
110,43,28.95,38.13,1003.8,,96.83,0.15545
-11,49,19.15,85.67,1019.28,0,99.47,0.841708
113,32,26.25,90.1,1004.77,0.07,76.77,0.45248
80,45,8.15,69.37,1010.11,0.06,98.6,0.384131
83,30,10.55,55.5,1002.13,0,36.4,0.296914
1,45,31.51,38,1017.33,0,24.8,0.662721
86,30,6.25,71.33,1004.73,0.6,99.4,0.42457
73,46,31.78,25.2,997.46,,34,0.246301
37,46,27.61,78.83,1003.65,0,10.2,0.309717
-11,42,19.01,80.27,1020.27,0,22.9,0.857007
86,28,10.21,93.73,1008.78,0.28,82.93,0.705691
-32,38,20.41,73.93,1022.98,0,99.53,0.584315
75,29,34.51,52.57,993.8,0.07,66.57,0.339099
72,48,23.61,48.83,1001.7,0.01,45.6,0.464307
89,36,15.71,33.07,993.24,0.1,99.93,0.345332
74,35,7.45,78.93,1007.5,0.13,16.77,0.508405
-22,27,21.85,80.27,1021.89,,44.3,0.849012
23,30,36.31,25.2,1010.05,0,1.07,0.161837
-13,27,28.21,36.9,1015.34,0,0,0.522028
71,38,6.15,67.2,1011.61,0.58,96.9,0.188037
16,38,28.71,45.93,1015.94,0,16.3,0.280455
22,43,23.55,45.33,1017.42,,2.8,0.510696
-6,42,33.25,18.23,1014.96,0,25.87,0.23658
-48,40,24.41,87.67,1023.12,0.01,3.07,0.850885
-4,27,43.25,6.57,1009.34,,,0.00175
-57,33,26.91,68.27,1025.29,0,29.33,0.655957
-55,45,16.45,99.37,1012.25,0.01,99.07,0.56037
-29,34,23.81,82.57,1023.32,0.06,3.67,0.956273
110,35,25.88,75.13,1004.34,0,6,0.363238
102,34,11.85,77.1,1005.73,0.08,29.9,0.312964
26,32,26.91,74.1,1011.51,0,0,0.916508
73,37,2.68,64.27,1010.55,0.04,99.27,0.132098
-10,28,36.15,18.5,1010.06,,,0.02394
-23,28,21.98,78.23,1022.84,0,26.07,0.820046
108,35,21.85,81.07,1005.47,0,18.63,0.697857
85,44,19.51,36,1005.04,0,100,0.541609
72,27,37.65,35.63,992.69,,0.27,0.155678
41,45,37.75,23.8,1002.5,0,2.33,0.199235
18,27,35.88,20.43,1012.01,,12.4,0.138064
48,31,48.65,12.83,994.74,,0,0.11041
113,45,28.31,34.17,1005.15,,52.43,0.218355
-53,47,17.15,99,1011.81,0.37,100,0.679372
-43,48,14.35,95.53,1017.13,0.01,100,0.47785
88,40,32.61,18,995.92,,5,0.064588
-13,30,20.48,88.4,1017.16,,0,0.867337
17,29,34.75,23.8,1013.2,,,0.104787
6,32,40.18,12.23,1013.71,0,0,0.184942
-54,47,16.98,98.2,1011.38,0.43,95.83,0.709131
-26,35,23.35,83.1,1022.17,0.04,9.17,0.928338
-58,28,27.01,73,1024.46,0.1,39.87,0.809674
-53,31,26.71,73.13,1025.68,0.02,100,0.682458
-31,37,21.48,77.7,1022.67,0.05,4.6,0.852675
-37,45,17.38,80.13,1021.67,,100,0.680174
-65,43,18.21,93.93,1012.08,,36.17,0.762104
-40,36,22.85,64.6,1025.86,,,0.741542
55,28,40.81,13,997.38,,54.13,0.161278
102,26,23.41,63.73,1001.52,0.06,77.67,0.533594
19,46,27.11,35,1018,,14.87,0.55495
86,43,11.38,58.17,1008.42,0.08,87.2,0.429134
11,48,22.45,59.17,1020.44,,20.33,0.733617
-58,35,26.25,80.33,1023.54,0.2,70.4,0.813
110,48,22.25,65.2,1003.46,0,100,0.65438
112,44,31.61,26.87,1003.6,,37.33,0.225065
21,38,26.08,76.7,1011.3,,0,0.832034
106,36,20.11,65.33,1004.9,0.01,84.73,0.681348
86,43,11.38,58.17,1008.42,0.08,87.2,0.429134
81,48,26.58,37.03,1001.02,,7.7,0.17682
-48,32,26.15,67.77,1026.44,0,3.47,0.639544
-66,37,25.78,83.57,1014.71,1.07,100,0.557614
110,32,22.61,93.3,1004.66,0.65,93.87,0.72482
-4,33,37.65,10.6,1013.27,0,0,0.186218
105,48,14.41,90.57,1008.94,0,66.33,0.516753
73,48,24.08,42.2,1002,0.21,97.37,0.482714
14,30,33.45,22.87,1014.44,,,0.056671
105,34,18.85,85.67,1004.59,0.07,66.67,0.783681
113,48,26.15,45,1002.46,,99.67,0.362196
60,29,36.51,7.37,999.26,,,0.023693
79,29,29.98,66.27,995.4,0.04,7.8,0.179836
33,33,27.75,70.53,1008.13,0,52.3,0.400881
-50,42,21.65,94.13,1019.9,0,27.47,0.766603
124,49,23.81,90.43,1010.99,,69.37,0.704407
63,26,39.35,27.77,994,,0.93,0.212167
103,26,15.08,88.97,1007.25,0.66,44.17,0.598142
23,42,27.75,23.43,1013.87,,0,0.21001
0,49,27.68,51.77,1021.54,,0.13,0.652831
83,26,31.58,68.83,994.94,0.11,100,0.362497
-9,35,20.55,83.97,1017.33,0,5.78,0.867241
34,29,30.41,23.3,1009.14,0,0,0.251259
-23,35,23.48,83.2,1021.96,0.02,1.97,0.871369
-30,36,22.05,72.17,1022.74,0,4.9,0.519117
96,43,30.08,16.67,999.81,,67.5,0.18777
-45,45,17.95,97.63,1020.24,0.02,100,0.920419
-65,33,27.15,80.53,1021.09,0.03,17.57,0.91122
90,45,32.61,10.13,998.61,,87.5,0.092211
45,45,40.75,12.73,1001.16,,1.8,0.004377
0,33,35.01,12,1016.17,0,0,0.267375
109,28,23.61,90.83,1003.87,0.44,45.73,0.74006
-41,48,15.55,84.93,1018.5,0,100,0.732516
-18,31,21.75,79.97,1021.69,,0.33,0.813565
33,35,31.15,37.87,1006.15,0,9.93,0.311124
45,42,33.38,22.63,1003.62,0,0.83,0.190044
-59,37,26.25,82.9,1020.66,0.25,62.6,0.80606
77,28,32.88,59.5,994.3,0.04,22.47,0.30844
119,33,24.48,87.77,1009.08,,85.93,0.777404
91,39,12.58,42.37,1005.74,,80.73,0.284407
12,49,23.78,39.03,1020.74,,,0.463889
105,48,14.41,90.57,1008.94,0,66.33,0.516753
-24,43,19.01,79.77,1013.95,0.12,67.13,0.520468
-6,47,19.68,87.2,1020,,100,0.574785
-23,44,17.85,83.83,1013.08,0.77,68.33,0.52655
103,30,21.88,93.3,1003.87,0.98,3.17,0.889075
41,27,40.15,7.57,1002.68,,0.37,0.044258
106,34,20.21,87.4,1004.18,0.03,0.8,0.905397
-2,39,34.51,14.93,1015.58,0,0,0.247883
112,32,27.41,85.7,1004.16,0.01,57.7,0.450696
24,26,37.11,13.27,1009.82,,8.87,0.024931
35,36,28.11,64.57,1005.28,0,0,0.307312
75,29,34.51,52.57,993.8,0.07,66.57,0.339099
-51,46,14.71,99.87,1014.1,3,100,0.419419
-17,46,18.45,95.87,1013.74,0,25.63,0.716855
74,43,24.88,42.87,1002.99,0.04,100,0.494415
55,29,33.45,11.77,1001.99,,,0.0102
-7,30,41.85,7.83,1011.8,,3.97,0.119052
-59,41,24.11,88.47,1013.63,2.74,100,0.882883
69,41,36.28,15.43,997.16,,0.07,0.072442
122,43,25.41,78.57,1011.69,,21,0.712888
123,43,25.55,78.03,1012.18,0,0.57,0.734085
97,34,9.11,78.23,1003.89,0.28,62.73,0.431965
71,27,39.68,27.8,991.38,,,0.211241
-28,28,23.35,74.07,1024.4,0.01,37.47,0.710394
43,26,43.48,8.23,998.92,,34.83,0.073762
20,41,33.55,25,1011.67,,3.2,0.09417
73,46,31.78,25.2,997.46,,34,0.246301
5,35,35.05,16.37,1016.23,0,53.69,0.267158
104,30,25.85,85.5,1001.6,0.14,27.2,0.598696
-45,33,25.75,76,1025.88,0,0.33,0.499534
120,43,29.75,47.13,1009.45,,100,0.233078
69,49,27.41,28.07,1004.32,,,0.202346
-16,41,20.61,89.37,1018.58,0.12,42.43,0.725496
49,36,32.55,13.63,1003.37,,48.87,0.084766
98,36,21.01,41.17,996.48,0.03,69.6,0.40683
103,30,21.88,93.3,1003.87,0.98,3.17,0.889075
-39,26,25.41,72.87,1024.34,0.01,45.3,0.747725
116,33,25.55,90.57,1006.96,,100,0.235815
2,39,26.68,74.7,1017.86,,,0.833427
109,37,21.55,75.93,1006.8,0.24,33.97,0.431577
-61,28,27.18,72,1024.04,0.04,99.03,0.750941
12,44,31.21,31.97,1016.14,0.02,1.27,0.324294
27,27,38.38,15.33,1007.45,,0,0.046895
-36,46,16.68,77.07,1020.88,0,68.97,0.731493
-55,35,27.01,72.2,1024.85,0.12,76.87,0.855332
18,46,26.01,36,1018.95,,76.23,0.576986
-55,30,26.78,75.37,1025.27,0.02,3.5,0.644052
-21,42,20.11,88.07,1014.32,0.06,0,0.827134
20,38,25.91,84.8,1012.17,,22.64,0.68597
62,27,35.48,7.73,997.66,,,0.056304
-7,41,33.68,22.23,1014.83,0,5.37,0.170051
86,32,15.31,39.17,993.15,0.09,100,0.443912
47,31,50.18,8.77,994.39,,27.4,0.174071
104,43,30.61,26.6,999.32,,100,0.272654
6,41,25.68,75.87,1018.36,,0.53,0.458314
-50,41,23.88,89.53,1021.05,0,1.3,0.840288
111,32,23.11,93.83,1005.23,0.11,99.67,0.704085
73,33,32.35,45.73,995.26,,3.83,0.117735
70,28,41.18,27,990.02,0,1.93,0.197188
60,29,36.51,7.37,999.26,,,0.023693
-18,32,21.61,79.47,1022.07,,,0.9545
88,48,23.15,26.3,1003.19,,5.8,0.334524
82,47,32.85,14.73,997.39,,82.7,0.134416
-59,44,17.25,98.1,1012.27,0,64.93,0.627669
72,31,36.91,41.77,992.66,0.2,58.9,0.420824
-61,27,27.25,70.17,1023.83,0,45.2,0.666567
108,49,15.18,98.47,1007.17,1.03,92.87,0.697305
70,31,25.01,55.53,999.03,0.49,41.1,0.382034
45,45,40.75,12.73,1001.16,,1.8,0.004377
94,32,10.45,71.9,1000.26,0.09,100,0.640167
44,31,45.88,7.63,998.44,,,0.017026
109,34,21.01,88.5,1005.65,0.11,0.83,0.936141
24,37,27.55,72.8,1010.46,,0,0.805261
56,35,38.81,8.07,1001.02,,,0.001735
63,43,34.71,14.13,1001.99,,0,0.042746
102,31,11.35,86.7,1007.33,0.46,26.5,0.399816
12,26,37.05,13.27,1012.3,,1.27,0.167518
111,43,30.61,34.4,1003.68,,95.6,0.205692
-42,41,22.28,83.47,1023.72,,66.2,0.77238
27,39,34.38,30.87,1007.43,,14.9,0.242581
-8,47,20.18,86.83,1019.44,,48.73,0.694827
-40,35,23.31,64.83,1025.84,,,0.75528
-14,41,20.05,90.17,1020.05,,36.37,0.823524
5,32,40.28,11.73,1013.7,0,0,0.184942
12,34,26.58,64.13,1017.26,0,24.52,0.350622
83,33,20.55,22.07,986.18,,75.03,0.176718
-66,38,24.98,85.87,1012.75,7.02,100,0.77628
-34,39,20.21,72.37,1023.51,0.02,97.87,0.699736
39,29,41.08,9.97,1003.41,,,0.016762
22,48,23.98,48.17,1017.28,,98.37,0.487793
12,39,27.01,61.17,1017.55,0,15.51,0.424161
-41,29,25.15,68.77,1025.91,,,0.754898
52,47,39.35,15.6,1002.21,,9.33,0.024057
60,28,31.81,10.77,1001.46,,,0.024952
27,34,26.28,76.87,1010,0,37.28,0.435886
45,40,27.48,29.07,1004.48,0.02,9.63,0.292084
-7,41,33.68,22.23,1014.83,0,5.37,0.170051
-4,49,19.01,87.1,1021.94,,99,0.749743
-32,44,18.21,76.5,1019.3,0.01,24.87,0.82679
-61,36,26.78,80.3,1020.45,0.29,93.77,0.738809
65,33,30.88,8.87,995.43,,63.8,0.177297
1,42,34.18,21.27,1016.08,0.01,16.6,0.201714
50,47,39.55,15.87,1002.64,,85.93,0.098477
-4,33,37.65,10.6,1013.27,0,0,0.186218
-50,26,26.55,69.97,1024.92,0.01,0.6,0.556302
83,47,28.78,21,999.43,,54.1,0.302012
60,32,30.48,11.9,1002.62,,2.2,0.026437
-6,40,36.35,13.6,1014.58,0,,0.10492
39,33,38.91,10.3,1003.1,,,0.017762
99,33,8.11,78.87,1006.45,0,6.2,0.622089
51,35,39.58,9.23,1000.37,,0.07,0.039281
6,41,25.68,75.87,1018.36,,0.53,0.458314
117,27,23.88,71.2,1004.59,,0.47,0.476613
121,41,24.48,84.2,1012.31,,100,0.894046
62,43,35.75,12.47,1002.03,,0.4,0.046257
52,29,37.35,31.17,999.84,0,15.8,0.218319
67,28,33.88,10.97,994.44,,,0.130635
-9,27,37.95,14.97,1009.71,,,0.003533
114,28,26.21,84.23,1003.54,,91.57,0.510482
-6,44,19.88,88.33,1018.63,,66.67,0.546431
-32,39,20.45,69.83,1022.47,0.02,97.47,0.615177
41,36,39.25,14.93,999.84,,,0.006735
74,42,11.41,56.87,1007.67,0.04,100,0.63087
73,29,37.65,39.13,992.27,0,65.27,0.404011
-59,40,24.65,86.63,1015.54,2.98,100,0.669504
-45,41,23.68,88.57,1023.34,0,0,0.732622
82,46,28.01,32.07,996.84,,88.87,0.280883
84,35,11.35,53.93,995.5,0.51,77.83,0.340972
121,44,28.81,54.97,1009.42,,69.37,0.233141
-51,44,17.75,98.3,1016.33,0.73,100,0.704237
57,29,31.65,7.53,1002.52,,,0.009177
37,41,25.01,67.03,1009.54,0.05,48.17,0.485915
73,47,25.21,38.33,999.8,0.43,63.13,0.322149
-63,36,26.45,82.87,1018.96,0.17,70.97,0.827988
79,47,34.18,18.9,998.04,0,36.83,0.120183
30,30,36.41,22.77,1007.89,0,0.67,0.164627
-13,40,20.11,77.17,1020.93,0,1.8,0.528258
-35,29,23.85,71.77,1025.49,,,0.6342
107,28,21.65,89.73,1004.64,0.08,21.97,0.924282
-14,38,20.41,73.43,1021.54,,1.73,0.363208
-11,32,20.78,88.3,1016.37,,,0.521506
-26,40,20.41,68.37,1018.73,0.01,4.6,0.62863
36,41,25.71,52.07,1009.24,0,12.93,0.571168
34,37,26.48,24.8,1007.6,0,24.2,0.274691
62,39,40.68,9.67,998.48,,31.87,0.073756
11,41,25.31,70.67,1017.51,0,4.17,0.608963
64,46,33.65,18.13,1002.84,,47.47,0.072766
25,49,16.11,91.8,1017.03,0.25,100,0.452947
14,28,35.11,15.97,1013.11,,,0.07154
79,44,34.58,12.77,996.49,,100,0.135031
-36,47,16.45,78.2,1020.32,0,100,0.877445
63,30,39.65,6.47,991.83,,,0.094353
119,28,22.01,76.53,1006.24,,0,0.738086
-61,49,13.71,91.77,1013.61,,17.53,0.852155
81,30,6.31,99.07,1008.57,0.25,99.13,0.342264
-44,49,13.21,98.93,1014.77,0.17,100,0.418753
80,36,2.88,96.07,1008.88,0.4,100,0.054255
53,39,29.61,66.97,1003.05,,0,0.073219
16,47,25.88,39.93,1019.14,,61.6,0.533097
59,46,26.61,54.97,1005.24,,4.87,0.242749
124,49,23.81,90.43,1010.99,,69.37,0.704407
14,27,37.18,15.8,1011.84,,,0.087913
-36,32,25.01,76.63,1024.65,0,19.47,0.776047
-12,37,19.48,82.17,1020.67,0,59.77,0.733553
28,39,33.45,27.27,1007.5,,25.1,0.166892
107,44,29.28,30.03,1001.55,,78.33,0.182501
39,46,35.31,37.03,1002.69,0,48.07,0.355003
-10,30,20.08,87.9,1012.53,,0,0.790712
49,28,34.35,75.87,996.75,,5,0.335123
-10,38,18.75,87.07,1019.24,0,0,0.894968
-12,38,19.48,80.23,1020.88,0,36.17,0.401293
121,49,22.45,82.47,1010.52,,4.8,0.890116
-13,43,19.45,88.7,1019.55,0,4.93,0.953482
57,44,37.08,16.37,1003.66,,1.33,0.07364
-21,46,17.88,80.8,1012.82,0,99.9,0.411341
36,46,28.35,71.67,1003.37,0,0,0.356807
18,46,26.01,36,1018.95,,76.23,0.576986
-18,47,17.45,87.67,1013.16,0,100,0.247688
25,43,25.61,34.63,1013.83,,16.26,0.421167
5,41,25.71,75.7,1018.35,,0,0.58284
12,41,25.11,76.9,1017.14,,1.23,0.350842
66,49,30.38,23.37,1004.7,,0,0.183902
-14,31,20.48,87.4,1019.02,,,0.828717
-59,44,17.25,98.1,1012.27,0,64.93,0.627669
7,27,43.61,8.57,1007.17,,,0.012471
-33,27,24.31,70.83,1024.48,0,84,0.745905
-5,40,36.58,11.07,1014.35,0,,0.099344
108,31,26.65,77.9,1001.74,0.53,5,0.239144
-36,31,24.48,69.57,1025.28,0,0,0.404022
16,47,25.88,39.93,1019.14,,61.6,0.533097
-57,27,27.01,71.3,1024.22,0,0.97,0.531051
-14,37,20.15,75.3,1021.63,,,0.84451
18,38,26.81,69.43,1014.36,0,0,0.778232
70,34,12.61,62.8,1005.72,0.16,79,0.331602
98,27,20.21,96.27,1003.34,0.22,99.6,0.861267
19,35,26.88,70.37,1014.37,0.01,49.53,0.339151
83,43,12.21,69.63,1007.2,0.42,100,0.525028
15,47,22.95,42.73,1018.77,0,5.73,0.55571
79,48,27.71,31.97,1001.12,0,65.17,0.266371
123,32,27.41,82.9,1008.54,0,5.27,0.361696
26,27,37.65,15.43,1008.03,,0,0.055724
18,43,29.55,21.33,1015.32,,2.28,0.17446
-56,28,26.88,73.03,1024.67,0.01,5.17,0.589856
19,39,26.31,78.77,1012.95,0,0,0.533086
50,36,37.15,11.43,1001.5,,1.63,0.012856
47,29,46.61,13.53,995.99,,4.8,0.052471
-42,35,23.95,61.7,1025.99,,,0.667242
118,38,27.35,73.2,1010.87,0.31,100,0.539615
17,38,27.31,61.57,1015.04,0,,0.05221
-37,46,16.81,77.7,1021.01,,100,0.849732
9,26,39.58,10,1009.63,,10.73,0.016419
-23,49,16.88,90.13,1009.08,0.01,92.57,0.510045
-2,33,34.65,10.97,1016,0,1.67,0.247528
0,48,28.81,43.3,1020.64,,1.07,0.773885
83,45,35.45,16.43,995.33,,100,0.130186
-17,45,18.81,95.23,1014.04,0,3.5,0.801576
80,39,23.38,49.3,1002.29,0,100,0.563452
-7,32,35.81,16,1013.24,0,2.37,0.124908
68,34,17.41,23.37,1002.63,,73.17,0.122038
15,41,32.45,20.53,1015.74,,0.87,0.313102
-9,36,19.45,85.63,1017.65,0,2.33,0.9089
64,28,39.68,8.1,993.06,,,0.103976
113,46,29.05,31.87,1004.22,,96.47,0.181993
92,31,9.51,66.27,1000.72,0.1,100,0.721079
79,39,20.38,65.27,1004.08,0.26,100,0.600622
19,37,26.85,72.27,1013.72,0,38.15,0.680985
54,38,36.38,24.77,1002.39,,0,0.147005
81,44,34.25,13.17,994.89,,99.27,0.13704
-65,37,25.71,84.67,1015.62,1.26,100,0.498492
39,48,34.78,31.4,1001.21,0,37.33,0.257598
51,37,29.71,77.1,1001.86,,3.33,0.327806
116,34,25.18,87.2,1007.8,0.5,100,0.632851
94,46,20.01,25.8,1005.55,,34.33,0.414723
49,49,36.45,21.77,1002.18,0.02,99.37,0.130187
77,35,1.45,95.7,1010.53,0.15,91.87,0.175564
57,38,31.88,11.13,1005.11,,1.77,0.032194
-3,31,39.31,10.3,1013.67,,,0.098921
-10,31,20.15,86.7,1012.08,,0,0.831478
45,42,33.38,22.63,1003.62,0,0.83,0.190044
-28,42,19.11,71.2,1017.48,0.02,19.57,0.667147
25,37,27.48,71.43,1009.88,,,0.801346
50,27,34.48,72.63,996.81,,0,0.203751
-57,43,21.85,89.63,1012.62,,56.27,0.436506
92,41,31.18,16.93,997.7,,99.53,0.119644
98,39,12.98,70.27,1005.49,0.57,98.2,0.470064
-64,36,26.38,85.37,1017.95,0.13,91,0.749763
3,32,38.61,10.93,1014.54,,,0.139946
5,31,41.41,9.67,1012.6,,,0.090016
21,35,26.75,72.43,1013.06,0,0,0.910936
93,27,27.68,87.97,998.09,0.31,65.67,0.529864
92,31,9.51,66.27,1000.72,0.1,100,0.721079
123,45,28.45,58.73,1010.83,0.19,93.1,0.570791
-17,43,20.18,92.03,1015.3,0.11,5.17,0.814229
115,28,27.55,82.7,1003.26,,47.57,0.523653
53,38,30.58,61.43,1002.67,,0,0.096867
-26,34,23.71,80.13,1023.13,0,8.7,0.908081
-47,46,15.01,99.4,1017.31,0.02,100,0.473171
120,31,25.91,78.73,1007.9,0,0,0.676327
5,47,24.68,63.3,1020.02,,31.53,0.378311
94,29,7.78,91.1,1010.31,0.03,84.47,0.453051
110,37,23.48,70.47,1006.73,0.08,90.73,0.592213
90,40,31.88,19.53,996.03,,52.73,0.187109
86,34,13.61,46.87,993.86,0.04,71.23,0.270849
55,34,36.88,8.73,1002.11,,0,0.042121
-53,43,20.61,93.9,1016.04,0.21,100,0.748537
48,35,34.18,11.63,1002.39,,72.47,0.102525
21,48,25.58,39.9,1017.6,,64.97,0.484235
110,48,22.25,65.2,1003.46,0,100,0.65438
-21,42,20.11,88.07,1014.32,0.06,0,0.827134
55,29,33.45,11.77,1001.99,,,0.0102
92,47,16.25,34.13,1006.82,0,97.97,0.219432
48,40,39.88,20.07,1000.66,,22.27,0.09376
105,39,31.11,27.5,998.8,,90.93,0.214531
-81,48,13.98,59.5,1020.8,,0,0.634798
-89,48,14.58,65.9,1022.5,,86,0.755917
-109,29,20.75,78,1013.89,0,21.6,0.75407
-97,44,20.45,77.77,1017.45,,5,0.604958
-69,45,17.08,94.13,1010.83,0.06,98.23,0.560465
-81,30,26.38,80.5,1017.81,0,100,0.68596
-124,36,14.98,87.9,1017.49,,3.37,0.841645
-76,33,27.55,76.97,1016.17,2,100,0.604654
-110,27,29.08,67.37,1009.65,,36.8,0.508171
-88,29,28.31,76.13,1016.03,0.4,56.27,0.496736
-115,30,26.18,48.5,1010.6,0,70.57,0.643391
-77,47,14.58,57.8,1016.87,,4.43,0.60991
-98,48,20.11,82.47,1014.59,0,74.67,0.766302
-107,42,18.98,55.87,1015.8,,62.2,0.652193
-84,26,28.21,74.93,1017.89,,53.43,0.841052
-85,30,27.21,79.67,1016.75,0.04,70.73,0.7023
-103,49,21.61,60.57,1009.29,,38.47,0.380441
-122,36,13.28,93.77,1013.98,,73.47,0.419987
-104,34,20.55,51.5,1018.71,,0,0.742952
-77,46,16.51,54.63,1015.86,,1.53,0.444906
-117,40,21.41,37.73,1012.61,,0,0.403189
-106,37,15.51,63.97,1018.12,0,91.53,0.709767
-96,40,21.01,77.3,1019.6,,88.27,0.501472
-77,33,27.55,75.7,1015.97,1.08,99.23,0.593378
-120,33,16.78,87.67,1012.4,,2.17,0.881038
-78,29,28.18,81.17,1018.5,0.14,90.63,0.801705
-70,40,23.41,86.7,1011.86,0,62.93,0.471078
-100,36,20.28,76.37,1019.46,,0,0.772831
-77,27,28.11,78.77,1019.21,0.46,100,0.738569
-98,27,26.55,73.43,1014.83,0.08,40.37,0.602345
-112,46,14.61,81.77,1015.8,0,3.07,0.647423
-71,46,13.28,98.7,1012.01,0.06,100,0.490361
-67,46,15.41,88.7,1012.05,0.31,100,0.473548
-84,39,20.51,91.7,1017.39,0.03,30.93,0.78025
-83,49,15.31,53.47,1021.48,,0,0.778113
-99,32,22.31,75.67,1017.88,0.01,1.33,0.265571
-104,28,21.91,50.1,1016.67,,0,0.392565
-111,37,24.15,48.33,1014,0,93.77,0.481267
-67,47,12.98,96.63,1012.66,0.11,100,0.638353
-68,48,11.55,97.1,1014.06,1.47,100,0.330611
-78,49,13.51,58.87,1019,,3.33,0.381056
-107,36,16.91,69.03,1018.43,0,99.8,0.668459
-78,36,24.45,71.13,1014.63,,66.53,0.437764
-77,41,20.61,87.43,1012.46,0.22,24.03,0.786763
-98,38,21.08,77.03,1019.57,,13.77,0.571266
-102,49,21.18,59.87,1010.07,0,35.67,0.623682
-72,26,27.85,76.23,1020.97,0.01,29.23,0.843099
-98,49,17.95,86,1015.14,0,100,0.173289
-84,46,15.98,57.97,1021.3,,0,0.663829
-98,34,21.58,71.17,1018.32,,0,0.581226
-88,28,28.55,74.83,1016.37,0.47,98.67,0.55512
-74,30,27.75,81.27,1019.28,0.35,100,0.745831
-88,32,23.58,90.13,1015.65,0.19,56.9,0.588153
-108,31,24.65,40.43,1014.32,,71.27,0.396256
-77,44,17.38,79.77,1014.9,,35,0.706621
-122,33,15.91,91.17,1015.18,,,0.250137
-73,36,25.91,66.43,1014.5,,94.8,0.452298
-109,45,19.85,64.9,1013.22,0,2.37,0.383304
-66,34,26.58,85.57,1019.2,0.21,100,0.785754
-94,30,24.01,87.27,1015.3,0.31,2.97,0.739787
-93,44,18.65,90.27,1019.9,0,99.93,0.831607
-95,32,22.05,88,1016.61,0,1.83,0.909604
-99,40,20.08,72.57,1018.38,,56.27,0.612891
-116,32,22.81,42.43,1013.36,0,99.43,0.657847
-72,48,15.21,62.3,1014.07,,26.93,0.516694
-120,29,17.98,87.27,1014.78,,23.43,0.770106
-96,48,19.35,75.6,1017.12,,100,0.5143
-86,27,28.51,75.47,1017.3,0.04,84.1,0.62688
-96,31,22.08,90.53,1016.29,0.3,21.5,0.822928
-115,41,18.75,42.57,1014.71,,2.73,0.139205
-97,35,20.55,78.87,1018.55,,,0.565525
-118,44,19.01,46.2,1012.31,,,0.58897
-76,28,28.11,78.37,1019.45,0.04,99.03,0.848489
-117,43,19.98,39.43,1012.89,,0,0.545592
-92,41,21.75,88.4,1019.37,0,20.87,0.90242
-122,31,16.98,91.3,1015.9,,13.13,0.728391
-123,44,9.21,89.07,1020.98,,,0.431247
-68,44,15.41,99,1010.27,1.7,93.47,0.651235
-96,48,19.35,75.6,1017.12,,100,0.5143
-87,29,28.78,73.8,1016.36,0.08,33.83,0.80561
-121,39,19.41,38.67,1013.08,,0,0.546107
-112,43,16.35,61.5,1016.32,,0,0.584199
-93,46,15.91,57.93,1021.25,,100,0.567163
-122,36,13.28,93.77,1013.98,,73.47,0.419987
-85,26,28.21,73.93,1017.62,,4.97,0.597026
-109,46,20.31,60.67,1012.24,0,4.8,0.259184
-97,47,19.88,87.37,1015.85,0,100,0.720879
-72,45,14.58,99.03,1011.87,0.12,100,0.562856
-47,44,18.75,96.57,1020.02,0,0,0.898526
-58,42,23.68,84.63,1013.12,0.11,100,0.677406
89,28,5.28,79.4,1009.59,0.04,99.6,0.287646
88,37,14.01,40.03,998.55,0.07,100,0.324441
30,47,22.05,71.77,1007.8,0.02,76.8,0.567264
-57,35,26.38,79.3,1023.94,0.15,100,0.765543
50,42,29.28,58.3,1003.76,,29.53,0.248931
-31,38,20.88,72.73,1022.42,0,62.07,0.708923
29,49,15.58,94.33,1010.45,2.04,100,0.609582
35,49,27.08,57.33,1003.14,0.02,5.83,0.164594
-64,40,24.48,77.27,1013.24,0.02,100,0.687079
70,32,29.18,49.3,996.8,0.07,68.83,0.198198
87,42,20.81,46.33,998.98,,95.47,0.492307
-3,27,43.45,7.37,1008.41,,,0.004
22,39,27.55,41.37,1012.24,0,75.33,0.532705
50,34,33.15,11.47,1003.83,,4.13,0.020312
9,42,27.11,37.77,1018.92,0,62.87,0.57975
-33,36,21.95,68.5,1023.77,0,0,0.428285
22,28,36.91,20.73,1010.21,,0,0.17336
95,43,22.75,23.23,1003.88,,99.33,0.110891
124,31,27.71,80.7,1006.96,0.09,0,0.383988
43,44,32.88,36.97,1003.93,0,1.67,0.178104
-46,31,25.98,68.57,1026.3,0,0,0.368149
75,32,30.95,60.23,994.46,0,0.4,0.150249
109,33,22.11,91.23,1004.76,1.73,100,0.580135
109,36,21.11,81.73,1006.41,0.02,21.07,0.745808
99,27,13.15,93.6,1007.39,0.57,100,0.338598
52,44,38.25,17.03,1002.51,,1.93,0.016302
-40,42,21.31,73.23,1023.22,0,0,0.37828
4,44,33.35,30.43,1015.6,0.03,40.2,0.343442
49,43,29.51,57.73,1004.02,,13.57,0.241484
65,44,33.71,18.63,1001.34,,0,0.055897
-16,36,21.11,77.13,1022.13,,,0.732198
25,39,26.71,73.9,1010.51,,0,0.916894
12,29,35.01,14.63,1014.01,,,0.070257
9,41,28.71,43.93,1018.17,0,9.37,0.626275
21,31,34.78,27.13,1011.45,0,2.27,0.194212
76,31,32.88,58.6,993.87,0.12,29.93,0.28926
-24,43,19.01,79.77,1013.95,0.12,67.13,0.520468
115,34,24.45,94.97,1007.43,2.04,100,0.558738
54,36,30.88,13.63,1005.48,,0,0.065236
-42,36,23.11,59.5,1026.06,,0,0.489133
26,37,25.88,83.73,1009.06,,0,0.608425
-34,31,23.85,66.4,1025.39,,,0.815488
42,38,38.55,9.33,999.44,,,0.015735
38,49,29.78,50.8,1000.03,0.61,98.33,0.259951
32,45,24.71,74.63,1007.34,0.01,91.87,0.538962
6,28,43.11,9.13,1008.77,,0.37,0.076766
10,31,37.28,16.17,1014.22,0,0,0.221144
6,30,41.11,11.93,1011.96,,,0.08608
8,47,23.48,53.63,1019.4,0.06,44.6,0.677612
-21,45,18.31,79.57,1013.16,0.02,100,0.463457
21,33,27.21,67.83,1013.88,0.04,66.77,0.703329
60,47,35.08,17.6,1004.54,,4.33,0.080578
-21,45,18.31,79.57,1013.16,0.02,100,0.463457
63,29,37.31,8.47,994.55,,,0.114457
-34,39,20.21,72.37,1023.51,0.02,97.87,0.699736
93,26,29.08,86.37,996.83,0,100,0.216018
99,31,9.95,81.67,1005.32,0.19,60.8,0.344033
-20,33,22.28,74.77,1023.08,,,0.699086
59,38,41.28,8.43,999.82,,1.73,0.00813
52,38,30.21,64.83,1002.64,,0,0.099092
22,29,36.48,24.6,1010.35,,,0.034379
36,34,27.75,16.83,1007.5,0,,0.073795
69,42,33.65,16.73,998.94,,,0.016737
53,49,37.91,19.7,1002.62,,80.1,0.120204
-32,43,18.61,77.77,1019.79,0.09,5.6,0.875306
-53,27,26.68,71.6,1024.87,0.05,10.27,0.79604
98,28,12.31,94.4,1008.46,0.11,84.07,0.676913
-43,47,14.65,95.83,1018.57,0,99.97,0.607989
-41,42,22.01,80.27,1023.05,0,79.6,0.797044
54,26,34.75,71.83,997.54,,6.63,0.301293
4,28,41.95,9.5,1009.15,,,0.0005
115,26,26.91,81.67,1003.08,0.01,99.3,0.400459
1,48,27.45,45.3,1021.06,0,2.47,0.628296
69,28,42.78,20.4,988.44,,17.57,0.135906
95,49,23.21,33.97,1003.83,,1.27,0.362798
-60,28,27.25,70.57,1024.21,0.01,49.03,0.645363
-17,49,17.58,98.23,1013.69,0.81,100,0.682232
13,28,36.78,13.5,1012.64,,,0.103892
104,49,12.35,95.1,1009.76,,22.27,0.949717
68,31,22.31,43.37,999.75,0,55.63,0.513542
94,40,29.35,27.53,997.3,,99.73,0.297523
-47,32,25.95,69.9,1026.41,0.01,1.83,0.629669
79,35,9.65,36.27,995.9,,3.43,0.160268
89,45,35.55,9.3,997.04,,93.47,0.105197
-17,49,17.58,98.23,1013.69,0.81,100,0.682232
65,45,33.05,20.97,1001.69,,3.07,0.079448
39,29,41.08,9.97,1003.41,,,0.016762
64,34,20.55,19.43,1004.48,,55.47,0.210482
64,34,20.55,19.43,1004.48,,55.47,0.210482
124,36,26.95,79.9,1012.02,,5,0.312804
-53,46,14.71,99.9,1012.4,0.09,100,0.400295
48,39,32.18,35,1002.95,,0.47,0.179166
18,29,33.35,25.3,1013.54,,,0.05191
-58,31,27.11,68.57,1025.2,0,5,0.654528
22,45,19.95,60.27,1016.99,0.14,38.8,0.719595
115,47,28.01,41.73,1004.7,,48.97,0.442719
57,43,37.98,14.77,1003,,5.33,0.019435
-57,45,16.75,97.43,1012.07,0.01,97.17,0.630178
81,41,25.98,39.43,1000.27,0,100,0.372078
30,46,24.35,59.1,1008.6,0,55.23,0.389326
-12,27,28.41,34.67,1014.1,,0,0.449199
-10,45,18.68,84.77,1019.6,,7.93,0.92112
63,39,40.25,10.03,998.19,,27,0.102137
-26,33,23.65,72.13,1023.85,0,7.3,0.603739
-49,47,13.88,99.73,1014.56,1.21,100,0.332359
100,38,7.58,97.3,1011.61,0.56,99.97,0.356442
106,31,27.31,78,1001.11,0.12,5,0.319317
75,33,26.28,64.83,997.44,0,0,0.308313
123,30,27.38,83.9,1005.75,0.06,2.47,0.403887
27,36,26.15,81.6,1008.56,,0,0.28736
64,30,36.81,8.2,992.84,,,0.102543
17,30,33.28,28.03,1013.9,,,0.244347
-35,45,17.68,77.7,1021.07,0,36.67,0.59512
1,40,25.75,77.77,1017.66,,33.21,0.598927
26,42,32.48,20.77,1010.47,,25.73,0.119977
2,47,27.68,43.9,1019.94,0,0,0.60914
47,31,50.18,8.77,994.39,,27.4,0.174071
-7,48,19.31,86.67,1020.6,,91.4,0.799027
50,37,30.85,48,1004.3,,2.7,0.078118
-3,32,38.65,10.07,1014.05,,0,0.160663
84,42,29.55,26.57,998.78,0,89.67,0.229745
61,45,25.15,59.97,1004.48,,0.67,0.391978
97,27,19.25,98.13,1004.06,0.66,99.8,0.854268
7,27,43.61,8.57,1007.17,,,0.012471
8,36,32.55,25.87,1016.47,0,37.47,0.385419
97,28,13.15,96.5,1007.87,0.46,100,0.327527
79,33,16.91,22.87,991.75,0,11.7,0.22085
-38,29,24.58,64.23,1025.64,,,0.823384
28,38,35.21,18.5,1006.12,,32.32,0.017267
-8,39,33.75,21.4,1015.58,0,0,0.292748
44,36,43.91,10.3,997.96,,,0.015779
3,30,41.08,11.57,1011.82,,,0.087014
54,47,38.78,16.5,1001.72,0.01,99.83,0.114798
-2,41,31.98,17.57,1015.9,0,29.7,0.225528
-7,34,21.95,73.8,1015.79,0,0,0.80076
-54,38,26.08,83.47,1022.58,0.07,99.43,0.824642
49,47,38.61,18.07,1002.97,0.23,49.73,0.129012
97,35,15.18,51.7,999.26,0.09,99.73,0.521645
74,36,12.15,54.77,1003.2,0.84,95.57,0.431556
25,27,37.38,17.8,1008.54,,0,0.091353
-51,28,26.71,68.07,1025.58,0.02,1.43,0.621982
56,45,39.41,13.83,1002.37,,4.73,0.015427
-56,33,26.75,72.97,1025.5,0.03,72.4,0.782897
86,29,9.05,55.93,1003.12,0.01,100,0.320564
10,36,35.28,21.4,1015.67,0,0.2,0.300262
55,29,33.45,11.77,1001.99,,,0.0102
-47,28,26.58,66.6,1025.86,0.01,17.3,0.60988
119,41,21.21,95.23,1013.23,0,99.57,0.86024
42,27,40.75,7.17,1001.92,,0,0.03977
-15,32,20.51,82.6,1020.54,,6.87,0.89751
16,39,26.28,68.37,1016.38,0,51.3,0.522302
-28,33,23.65,76.9,1024.1,0,3.47,0.56332
-55,40,25.21,85.17,1019,0.36,100,0.865444
-45,33,25.75,76,1025.88,0,0.33,0.499534
24,27,36.85,17.7,1009.36,,0,0.112912
32,32,27.61,71.03,1009.12,0,45.85,0.543977
100,31,8.75,77.6,1006.78,0.22,86.27,0.341244
122,47,24.91,74.33,1011.09,0,66.73,0.562949
-44,36,24.11,62.7,1025.9,0,0,0.408031
-60,26,27.15,70.17,1023.55,0.01,5,0.622926
94,42,31.38,17.77,998.24,,100,0.128428
74,40,7.11,56.63,1010.79,0.11,100,0.340857
84,35,11.35,53.93,995.5,0.51,77.83,0.340972
121,42,24.08,86.77,1012.02,0.02,100,0.763187
63,41,36.81,11.5,1000.34,,,0.010748
-14,31,20.48,87.4,1019.02,,,0.828717
-32,27,24.45,69,1024.35,0,79.93,0.819244
54,44,39.41,12.73,1001.54,,36.6,0.081842
4,41,26.05,74.67,1018.21,,0,0.548203
72,34,36.68,31.73,993.29,0.15,27.8,0.287139
-16,39,21.18,86.27,1020.49,0,5,0.925602
51,35,39.58,9.23,1000.37,,0.07,0.039281
-17,30,21.25,84.53,1020.84,,,0.7248
25,42,31.81,19.1,1011.29,,11.4,0.11131
-6,33,38.05,11.63,1013.26,0,0,0.186218
19,40,25.81,75.93,1013.21,0,,0.609906
121,34,26.61,86.2,1010.54,,97.47,0.669016
-31,32,23.91,69.53,1024.94,,,0.713787
81,26,33.55,57.87,994.46,0.04,90.93,0.296055
62,31,40.81,7.67,992.43,,,0.094103
-47,44,18.75,96.57,1020.02,0,0,0.898526
94,38,22.25,33.93,995.97,,5.4,0.332663
111,38,20.08,79.63,1008.34,0.17,4.3,0.833654
-65,47,17.61,70.67,1013.29,0,99.33,0.629562
71,40,24.71,31.53,1002.94,,81.2,0.377924
23,34,26.35,78.4,1012.14,0,4.34,0.272718
36,41,25.71,52.07,1009.24,0,12.93,0.571168
8,45,31.68,35.13,1015.76,0,87.27,0.486249
-40,31,25.58,74.2,1025.38,0.01,1.2,0.491919
63,39,40.25,10.03,998.19,,27,0.102137
124,31,27.71,80.7,1006.96,0.09,0,0.383988
39,44,27.95,77.87,1006.06,0,0.07,0.44975
-7,36,22.01,74.53,1016.15,0,,0.240705
-45,29,26.05,68.67,1026.11,0,1.17,0.589235
-55,27,26.68,73.67,1024.5,0.1,1.93,0.609362
94,29,7.78,91.1,1010.31,0.03,84.47,0.453051
85,26,32.68,62.83,995.25,0.07,100,0.411089
120,40,25.51,84.47,1012.64,0,99.87,0.795993
-30,46,17.48,82.17,1016.06,0.01,65.07,0.582699
-29,30,23.25,67.23,1025.18,,0,0.461672
47,40,36.68,25.27,1001.52,,44.13,0.167926
103,39,31.71,22.37,997.26,,31.8,0.171069
51,31,29.31,29.8,1004.93,0.01,49.1,0.230054
98,49,14.41,69.93,1008.2,,2.3,0.301553
44,48,36.91,21.8,1001.19,0.01,64.47,0.193848
33,39,34.05,17.6,1004.73,,0.67,0.088175
90,46,31.71,10.5,999.44,,99.67,0.129089
32,45,24.71,74.63,1007.34,0.01,91.87,0.538962
7,38,26.58,67.13,1018.34,0,,0.814238
121,30,23.71,90.63,1007.36,0.01,2.63,0.89632
-17,26,21.28,80.97,1018.54,,0.87,0.778289
109,30,21.31,94.47,1005.79,0.08,100,0.875656
19,49,18.91,52.17,1019.68,,62.07,0.674056
122,29,27.08,84.83,1005.19,0.66,7.73,0.280929
19,49,18.91,52.17,1019.68,,62.07,0.674056
102,36,18.51,59.03,1002.6,,42,0.539246
122,35,26.38,86.5,1011.56,,97.87,0.688582
57,30,29.05,9.07,1004.74,,,0.10239
36,35,28.21,57.63,1007.29,0,0.5,0.277092
-14,36,20.01,79.37,1021.63,,,0.890433
14,38,27.25,47,1017.42,0,0,0.330465
106,35,20.08,79.13,1004.86,0.04,22.47,0.682405
28,43,27.91,57.1,1010.3,0,74.4,0.599532
-30,42,19.01,76.07,1018.95,0.03,0,0.749746
-60,32,27.45,71.4,1024.26,0.28,23.27,0.827329
-15,38,20.91,80.73,1021.52,,1.67,0.872211
65,27,33.31,11.3,996.48,,0,0.074145
-54,30,26.88,73.87,1025.39,0.06,3.83,0.661922
39,41,25.08,85.83,1008.39,0.38,48.5,0.557166
117,37,24.08,91.07,1010.54,0.02,100,0.757503
-63,45,20.28,85.6,1011.95,0.01,99.87,0.549054
33,47,30.78,46.8,1002.73,0.02,75.93,0.153274
-35,41,19.38,75.87,1023.04,0.02,62.5,0.845078
103,42,31.38,28.17,998.3,,100,0.217298
80,48,26.38,35.3,1001.5,,40.17,0.368063
-52,37,26.41,78.67,1024.18,0.01,0.57,0.580447
59,45,27.88,55.43,1005.73,,0.97,0.130513
12,26,37.05,13.27,1012.3,,1.27,0.167518
73,34,30.68,48.1,995.94,0,36.3,0.321136
104,29,24.38,91.43,1001.91,1.32,51.87,0.614017
-58,26,26.95,72.13,1023.74,0.01,5.6,0.613012
113,33,25.15,91.67,1005.59,0.82,91.13,0.603614
85,42,32.85,20.17,997.36,0,49,0.157976
-12,34,20.31,81.9,1019.18,,4.13,0.878499
-44,27,25.61,71.33,1025.46,0.01,2.1,0.549903
79,49,24.28,39.2,1003.91,,2.57,0.308368
-10,37,19.01,85.07,1019.03,0,0.13,0.862944
95,44,34.18,14.83,997.63,,67.93,0.190627
-13,41,19.91,81.6,1020.59,0,7.6,0.854108
98,26,21.78,98.43,1002.23,0.18,80.47,0.920276
45,37,30.05,14.97,1004.42,,,0.02332
19,37,26.85,72.27,1013.72,0,38.15,0.680985
-4,35,29.81,28.53,1016.72,0,0,0.293935
19,34,26.81,68.07,1014.74,0.02,21.66,0.385593
-15,44,19.15,94.47,1017.19,0.06,98.67,0.832601
25,49,16.11,91.8,1017.03,0.25,100,0.452947
-40,40,21.65,71.87,1024.55,,0,0.233828
58,31,42.98,6.1,997.47,,,0.060468
-36,49,15.11,81.9,1019.56,0,97.1,0.653865
110,29,23.38,96.23,1004.49,0.28,98.7,0.631319
-47,44,18.75,96.57,1020.02,0,0,0.898526
-8,37,22.15,66.77,1016.39,0,,0.497936
-23,42,19.48,82.43,1014.81,0.02,3.87,0.844592
-39,48,16.78,88.07,1019.46,0,89.83,0.752761
-66,49,16.11,54.03,1013.57,0.02,95.6,0.65375
89,26,31.58,68.5,996.35,0.26,100,0.422461
51,31,29.31,29.8,1004.93,0.01,49.1,0.230054
-39,47,16.98,85.23,1020.38,0,100,0.824323
-3,45,22.05,79.47,1018.62,,37.2,0.579273
23,30,36.31,25.2,1010.05,0,1.07,0.161837
26,26,37.05,13.33,1008.76,,3.9,0.012457
-29,41,19.55,75.47,1019.23,0.1,53.63,0.647801
-10,46,18.91,85.67,1019.45,,36.47,0.820092
0,34,36.35,10.17,1015,0,0.37,0.21138
81,49,26.01,40.23,1002.38,,5,0.143359
58,37,26.78,12,1006.94,,54.63,0.09582
-64,44,17.21,96.77,1012.35,0.01,79.67,0.558189
56,45,39.41,13.83,1002.37,,4.73,0.015427
109,28,23.61,90.83,1003.87,0.44,45.73,0.74006
31,46,23.85,72.37,1007.13,0,93.73,0.584312
12,29,35.01,14.63,1014.01,,,0.070257
-50,29,26.68,68.77,1025.97,0.02,21.03,0.642326
53,27,34.65,67.6,997.38,,34.2,0.232952
-16,35,20.91,76.17,1022.22,,,0.806056
-17,40,21.21,87.17,1018.61,0.01,99.7,0.778864
-16,33,20.95,75.7,1021.74,,,0.835339
22,36,26.18,79.8,1011.8,,0.99,0.305721
111,46,29.55,29.63,1003.23,,100,0.227678
116,31,22.21,95.7,1007.57,0,99.3,0.879306
83,26,31.58,68.83,994.94,0.11,100,0.362497
24,29,37.08,22.6,1009.26,,0,0.158879
9,43,24.38,80.37,1017.72,0,49,0.685129
89,34,10.15,54.03,997.8,0.28,99,0.578462
31,30,38.61,18.63,1006.71,0,0.03,0.09765
48,35,34.18,11.63,1002.39,,72.47,0.102525
108,37,22.45,63.7,1005.57,0.11,67.47,0.432942
103,34,12.55,73.73,1006.23,0,36.9,0.368533
25,36,26.95,72.33,1010.36,,,0.657109
61,28,33.88,8.2,999.31,,,0.028646
-33,28,24.05,69.5,1025.04,0,47,0.798461
-22,36,22.78,87.37,1021.05,0.26,9.1,0.911472
-22,42,19.88,84.63,1014.43,0.01,3.7,0.79561
-5,34,35.61,17.13,1013.92,0,0,0.202535
-50,36,26.15,76.83,1025.42,0,0,0.509346
67,40,34.45,15.9,998.62,0.01,66.57,0.137342
-3,44,20.85,89.9,1018.64,,44.07,0.68184
109,33,22.11,91.23,1004.76,1.73,100,0.580135
59,39,41.48,8.7,999.7,,4.1,0.005888
115,30,27.08,85.2,1004.17,,79.33,0.565978
-19,31,21.75,80.37,1022.3,,0.9,0.904907
116,30,27.68,80.13,1004.36,0,78.7,0.50251
50,34,33.15,11.47,1003.83,,4.13,0.020312
-37,31,24.81,75.2,1025.22,0,4.73,0.586635
12,29,35.01,14.63,1014.01,,,0.070257
28,28,38.65,14.23,1007,,1.67,0.006529
62,40,39.25,11.27,999.68,,1.6,0.00913
18,49,23.48,36.3,1019.16,,4.37,0.371648
45,35,44.08,9.93,998.44,,,0.017026
116,32,25.68,85.07,1006.23,0.17,76.67,0.622098
-10,42,18.41,88.67,1019.45,0,16.1,0.884838
-35,40,20.25,73.27,1023.33,0.04,78.57,0.79071
112,47,26.15,37.77,1003.87,,100,0.218479
-44,30,26.35,69.2,1025.96,0.03,2.43,0.659389
10,36,35.28,21.4,1015.67,0,0.2,0.300262
68,30,34.55,26.1,993.62,0.09,99.57,0.24399
2,32,38.85,10.33,1014.3,,,0.118539
-15,33,20.45,81.53,1021.14,,0.4,0.768028
50,29,34.91,71.7,997.31,,0.07,0.222026
71,29,37.95,36.8,991.53,2.48,97.93,0.423755
-65,44,22.68,73.67,1011.76,0,48.2,0.509912
-37,47,16.35,77.47,1020.58,,100,0.799042
0,39,25.98,74.97,1016.85,,1.06,0.37089
63,44,34.65,15.43,1002.51,,13.07,0.039056
122,34,26.35,86.2,1010.72,,97.73,0.59255
116,42,17.28,87.07,1012.99,,100,0.323051
96,44,30.25,19.73,999.89,,100,0.164221
60,38,41.61,8.37,999.17,,14.53,0.03776
22,46,24.21,48.7,1016.69,0.12,20.03,0.607503
28,33,26.85,73.67,1010.18,0,0,0.892881
111,46,29.55,29.63,1003.23,,100,0.227678
79,30,20.48,88.9,1000.45,1.02,27.83,0.741202
-26,28,22.98,74.43,1023.93,0,68.17,0.716889
-56,33,26.75,72.97,1025.5,0.03,72.4,0.782897
59,32,34.05,8.83,1001.52,,25.03,0.112702
-53,48,16.58,94.73,1011.63,0.37,100,0.31383
35,46,28.61,69.6,1003.4,0,0,0.220523
-44,33,25.45,78.33,1025.74,0.05,3.87,0.737464
-2,44,21.11,89.8,1018.65,,13.33,0.887728
0,44,32.25,39.4,1017.33,0,1.5,0.553304
-55,44,19.15,97.13,1012.89,0.1,71.63,0.745405
-47,42,23.45,91.2,1022.05,0.24,0,0.8272
-45,43,22.35,92.4,1021.79,,0,0.828136
67,27,37.65,8.67,993.01,,1.67,0.077724
116,36,23.31,95.6,1009.97,1.47,100,0.453118
-5,46,20.41,88.67,1019.22,,96.1,0.771474
-54,43,20.91,95.83,1014.39,1.87,100,0.842264
77,36,-0.35,96.8,1008.6,0.5,95.3,0.040067
71,38,6.15,67.2,1011.61,0.58,96.9,0.188037
102,37,15.01,69.07,1005.31,0,100,0.579066
62,26,39.65,31.23,994.25,,0.23,0.173627
-23,33,23.11,71.43,1023.45,0,14.17,0.853919
4,37,25.38,76.37,1016.7,,,0.588217
21,32,31.78,33.1,1012.56,0,52.34,0.222608
70,29,36.11,37.47,991.14,3.57,82.47,0.452944
72,31,36.91,41.77,992.66,0.2,58.9,0.420824
118,47,25.18,65.9,1008.48,0,0,0.689667
79,43,20.55,37.6,1003.47,0.02,99.47,0.451466
-47,44,18.75,96.57,1020.02,0,0,0.898526
62,46,33.75,16.53,1003.91,,23.9,0.122187
28,35,26.11,82.83,1008.53,0,0,0.29978
75,38,5.48,77.83,1008.37,0.48,100,0.377075
-13,30,20.48,88.4,1017.16,,0,0.867337
2,39,26.68,74.7,1017.86,,,0.833427
-59,36,26.48,81.93,1021.85,0.1,58.5,0.87484
-19,33,21.91,77.87,1022.8,,,0.907439
-55,35,27.01,72.2,1024.85,0.12,76.87,0.855332
34,32,28.21,66.7,1008.48,0,0.17,0.548694
33,38,33.15,21.1,1005.04,0,32.53,0.134268
79,39,20.38,65.27,1004.08,0.26,100,0.600622
124,28,27.85,87.1,1000.64,0.58,100,0.345817
-25,29,22.65,74.2,1023.95,0,12,0.65806
32,41,26.45,50.8,1010.38,0.02,41.4,0.55041
86,46,37.61,9.1,996.74,,85.8,0.132535
36,49,25.75,65.33,1003.12,0,22.07,0.431962
45,40,27.48,29.07,1004.48,0.02,9.63,0.292084
49,37,31.51,37.07,1003.49,,24.47,0.344616
26,42,32.48,20.77,1010.47,,25.73,0.119977
-60,39,25.65,86.37,1016.48,0.67,100,0.713628
81,40,25.51,42.57,1000.96,0,100,0.482156
-62,32,26.98,75.17,1023.5,0.01,5,0.662513
55,48,36.71,19.03,1002.29,0.13,80.53,0.105141
-29,38,20.81,76.67,1021.51,0.01,23.43,0.756902
74,42,11.41,56.87,1007.67,0.04,100,0.63087
-2,47,30.15,32.37,1019.06,,82.1,0.45543
-46,39,24.81,80.87,1024.28,0,5,0.828452
85,48,34.85,14.43,996.73,,32.2,0.114721
-29,26,23.51,77.9,1023.33,0,20.4,0.858624
-37,43,18.65,76.1,1022.6,0.01,14.33,0.855968
59,44,26.91,62.17,1005.45,,,0.257811
121,27,27.15,85.13,1003.25,0.05,97.8,0.411706
107,46,21.01,67.2,1004.78,0.02,100,0.716758
-37,41,19.78,73.33,1023.73,,2.93,0.465514
13,29,34.51,16.6,1013.96,,,0.074391
23,43,21.18,43.67,1016.51,,0,0.544912
87,37,11.95,55.2,1000.31,0.66,100,0.643891
46,46,41.61,11.2,1001.26,,4.37,0.008481
58,46,36.41,16.9,1003.46,,43.07,0.07554
121,28,26.28,77.37,1004.75,0,32.83,0.482896
33,42,25.81,79.53,1009.8,0.29,0,0.598961
-6,33,38.05,11.63,1013.26,0,0,0.186218
61,33,37.01,9.3,998.5,,,0.024239
111,34,21.28,92.93,1006.86,0.65,95.67,0.917454
106,35,20.08,79.13,1004.86,0.04,22.47,0.682405
60,47,35.08,17.6,1004.54,,4.33,0.080578
69,29,36.75,28.07,991.96,0,0,0.188891
100,32,10.01,76.9,1004.75,0,68.07,0.39055
14,34,26.51,66.87,1016.67,0,16.57,0.47233
82,32,17.55,27.47,990.83,0.01,68.07,0.17379
36,38,29.71,29.37,1005.09,0,51.85,0.181246
46,32,50.31,6.8,994.72,,,0.114457
108,42,27.85,36.83,1003.46,0,31.53,0.335211
91,35,11.18,57.87,998.77,0.15,29.73,0.294575
-9,27,37.95,14.97,1009.71,,,0.003533
-19,39,21.58,89,1018.42,0.29,86.1,0.673308
42,38,38.55,9.33,999.44,,,0.015735
102,34,11.85,77.1,1005.73,0.08,29.9,0.312964
96,29,12.75,93.77,1007.89,0.29,100,0.387052
113,26,26.41,85.73,1002.06,0.07,92.73,0.502587
51,48,38.95,17.8,1002.72,,44.63,0.070514
16,27,35.88,17.9,1012.12,,,0.079255
-51,40,25.25,86.4,1021.48,0.26,0.97,0.872884
-4,31,39.85,9.6,1013.22,,,0.095799
-47,42,23.45,91.2,1022.05,0.24,0,0.8272
48,46,38.48,18.93,1002.86,,3.97,0.012466
-34,49,14.98,89.67,1019.14,0,83.63,0.640235
83,48,33.11,23.03,998.22,0,34.57,0.195722
84,27,30.78,74.63,995.47,0.75,100,0.356901
121,28,26.28,77.37,1004.75,0,32.83,0.482896
10,30,38.28,12.2,1013.43,,,0.100669
0,49,27.68,51.77,1021.54,,0.13,0.652831
38,34,36.41,12.17,1003.22,0,0,0.055947
-12,44,19.18,85.97,1019.86,0,56.17,0.754408
-58,29,27.08,69.97,1024.8,0,5,0.662402
-45,32,26.15,75.27,1025.9,0,7.93,0.658086
31,33,27.11,72.33,1008.95,0,46.79,0.541107
-44,36,24.11,62.7,1025.9,0,0,0.408031
100,48,12.31,78.97,1009.4,0.45,0.77,0.541906
19,35,26.88,70.37,1014.37,0.01,49.53,0.339151
-6,28,43.88,7.47,1009.48,,64.2,0.046888
-35,34,22.95,79.63,1024.09,0.01,89.43,0.733897
75,46,29.08,34.9,998.92,0,85.03,0.181698
